RegionID,SizeRank,RegionName,RegionType,StateName,11/30/2017,12/31/2017,1/31/2018,2/28/2018,3/31/2018,4/30/2018,5/31/2018,6/30/2018,7/31/2018,8/31/2018,9/30/2018,10/31/2018,11/30/2018,12/31/2018,1/31/2019,2/28/2019,3/31/2019,4/30/2019,5/31/2019,6/30/2019,7/31/2019,8/31/2019,9/30/2019,10/31/2019,11/30/2019,12/31/2019,1/31/2020,2/29/2020,3/31/2020,4/30/2020,5/31/2020,6/30/2020,7/31/2020,8/31/2020,9/30/2020,10/31/2020,11/30/2020,12/31/2020,1/31/2021,2/28/2021,3/31/2021,4/30/2021
102001,0,United States,Country,,1370479,1222128,1220989,1238138,1361119,1450641,1520088,1574162,1603663,1597768,1546745,1543807,1433836,1274160,1290638,1289021,1387977,1467761,1544132,1596463,1606448,1586404,1549647,1522106,1380746,1229615,1233235,1235158,1289297,1200554,1292669,1277262,1244231,1188733,1135358,1123408,973628,844189,866084,757140,816408,833309
394913,1,"New York, NY",Msa,NY,56733,49779,48723,51987,57209,63410,68152,69973,70170,68631,67192,67437,61884,54679,54903,56884,63407,69460,73159,74604,73388,70434,70049,67222,60403,52589,51591,53686,56652,46955,51052,56679,58247,56138,55508,53389,46168,39247,37268,36279,37019,38814
753899,2,"Los Angeles-Long Beach-Anaheim, CA",Msa,CA,19212,15753,16973,18756,20790,22077,23951,24933,26347,26554,26179,26719,24958,21304,22088,22391,24150,25050,26359,26441,26783,26017,25232,24567,21167,17282,17827,18966,18974,17057,19717,20992,21656,21527,21450,21410,18902,15889,16209,16243,17670,17393
394463,3,"Chicago, IL",Msa,IL,33147,28129,27576,29056,33328,35048,37190,39326,40116,39670,38464,38016,34067,29130,28801,30389,34954,37819,39992,41618,41990,42062,41372,39988,35390,30354,30249,32282,33632,29883,32519,33503,32741,31050,29073,28307,23906,19914,21961,18659,21090,23028
394514,4,"Dallas-Fort Worth, TX",Msa,TX,25462,22175,21743,22303,25472,28747,30426,32508,34422,33825,32598,31853,30179,26844,27504,28115,31224,33067,35141,38326,39185,38222,36561,35708,33042,29514,29387,30396,31506,29792,33268,32932,32042,29519,26738,28157,24431,20896,21242,18137,19546,20346
394974,5,"Philadelphia, PA",Msa,PA,27918,23603,23108,24204,26604,29457,30387,29195,28181,27875,27337,27829,25987,22599,22604,22515,25211,27358,28082,28475,29219,26920,26585,26518,23679,20625,20342,20764,21140,17385,20184,21866,21387,20253,19618,19772,17351,14764,15084,13853,16004,17039
394692,6,"Houston, TX",Msa,TX,33271,30453,31027,30765,35078,37010,39024,40070,40878,40309,37884,37846,35824,33170,34860,34841,37613,39329,40970,44219,44863,44063,41748,40958,38608,36153,37240,38008,39195,37443,39851,38477,37302,34744,32557,32580,28667,26195,27649,24038,25154,23863
395209,7,"Washington, DC",Msa,DC,22981,19531,18262,19263,23774,27942,27776,23603,23246,22920,22788,23224,20408,16083,15051,15494,18913,21416,23093,23218,22476,21128,21399,21187,18175,14705,14804,15562,18016,16620,18014,17657,17847,16769,16612,16884,14235,11636,12107,11556,14903,16664
394856,8,"Miami-Fort Lauderdale, FL",Msa,FL,29125,28367,30784,31452,33153,33020,32502,31899,31715,31543,31259,32636,32396,31560,34469,35405,36301,35669,35100,34255,33632,32364,31625,32419,31234,30042,32025,32000,31774,28783,29950,29342,27570,26016,25396,25416,23355,22247,22118,17647,16903,15693
394347,9,"Atlanta, GA",Msa,GA,29787,26092,26603,26485,29193,30517,30952,33008,34148,33680,32677,33374,31061,28366,29758,33340,33217,34632,35992,38002,38654,38321,37639,37718,34594,31883,33022,32820,34675,33973,36155,34832,33188,31368,28813,28904,25207,22055,23935,20959,21831,21488
394404,10,"Boston, MA",Msa,MA,9109,6946,6347,6721,8006,9873,11860,12322,12280,11914,12673,12733,10789,8247,7827,7894,9567,10979,13046,13272,12056,11257,12015,11859,9649,6999,6356,7139,8280,7207,9005,9723,9057,8616,8640,8151,6315,4360,4007,4019,5552,6243
395057,11,"San Francisco, CA",Msa,CA,4641,2966,3190,4115,5316,5901,6773,6768,6697,6796,7423,7706,6371,4528,4465,5218,6308,7129,7970,7868,7610,7088,7547,7272,5511,3601,3587,4638,4965,4216,5908,6513,6676,6545,6775,7158,5520,3916,3963,4582,5512,5857
394532,12,"Detroit, MI",Msa,MI,14993,12763,12357,11570,13217,14506,16063,17472,18633,19621,19146,19148,17417,15118,14930,14017,15094,16284,18054,19521,20559,21107,20741,20352,17936,15594,15168,14561,14272,11219,15581,15860,15575,15277,14390,14201,11906,9917,9390,8148,9114,9665
395025,13,"Riverside, CA",Msa,CA,16492,14912,15715,16694,17671,18224,19236,19782,20472,20517,20289,20744,19987,18151,18918,18529,19541,19741,19725,19906,20066,19956,19302,19405,17730,15794,16226,15945,15575,14211,15107,14247,13225,12707,12360,12710,11052,9470,9681,9158,9866,9914
394976,14,"Phoenix, AZ",Msa,AZ,25416,23187,24981,25963,27694,27890,27146,26016,24378,24274,23911,25044,24759,23027,25925,26776,28823,28798,28188,26727,24486,23466,22603,23345,21895,19694,21119,21413,22757,21719,22005,20619,19327,19075,19634,20961,18740,16102,16016,15550,16029,16519
395078,15,"Seattle, WA",Msa,WA,8206,5919,5803,5696,7373,8414,10801,11726,12238,12734,13086,12617,10669,8048,8097,7435,9439,10185,12740,13448,12817,12239,11714,10522,8053,5689,5648,6181,7554,7435,8626,8823,9410,9838,9305,9085,6749,5027,5443,5500,7331,8101
394865,16,"Minneapolis-St Paul, MN",Msa,MN,11627,8912,8527,9350,11185,12509,14516,15597,15705,16030,15541,14790,12483,9797,9301,9331,10737,12581,14913,16500,16298,16284,16047,15414,13004,10268,9671,10477,12445,12050,13546,13479,13424,13305,12894,12559,9609,7288,7326,7163,8379,9548
395056,17,"San Diego, CA",Msa,CA,5849,4872,5274,5739,6700,7357,7845,7996,8554,8707,8523,8666,8158,6998,7291,7227,7696,7941,8356,8458,8584,8361,7769,7499,6367,5222,5500,5595,5855,5402,6057,6001,5997,5750,5452,5675,4801,3971,4121,4101,4581,4721
395121,18,"St. Louis, MO",Msa,MO,13287,11642,11419,11516,12863,13635,14233,14755,15086,15010,14340,14541,13172,11407,10904,10545,12097,12969,13501,13846,13814,13720,13742,13911,12672,10940,10583,10545,11643,10399,10841,10774,10747,10292,10447,10561,8986,7753,8007,6342,7309,7846
395148,19,"Tampa, FL",Msa,FL,16564,15496,17100,17069,18498,19258,18897,18823,18509,18235,17912,18630,18255,17265,19139,19211,19700,18922,18862,19609,19442,18860,18431,18927,17870,16401,17725,17614,17862,16485,17311,15763,14784,13924,13229,13164,11788,10739,11214,9784,9802,9259
394358,20,"Baltimore, MD",Msa,MD,13523,11682,11378,11616,13102,14786,15148,14043,13877,13927,13549,13681,12736,11005,10622,10506,12232,13482,14186,14492,14306,13712,13694,13640,12104,10308,10091,10134,10883,9785,10562,10255,9887,9346,9353,9328,7804,6546,6584,5932,6890,7753
394530,21,"Denver, CO",Msa,CO,10664,7896,8555,8915,10627,12307,13700,14931,14873,14941,14859,14634,12907,10064,10575,10772,12311,14089,16442,17549,17149,17141,16501,15430,12520,9586,9815,9976,11954,11130,14640,14339,13789,13120,11754,11254,8195,5918,5894,4503,5164,5983
394982,22,"Pittsburgh, PA",Msa,PA,10829,9621,9431,9308,9994,10595,11047,11562,11612,11412,10873,10946,10063,8857,8867,8598,9256,9753,10173,10413,10034,10001,10101,10078,9132,8056,8197,7979,7613,6254,8235,8593,8296,7926,7995,7424,6342,5269,5326,4560,5162,5522
394998,23,"Portland, OR",Msa,OR,8140,6418,6422,6152,7140,8472,9648,10575,11044,11173,10985,10527,9305,7792,7820,7506,8550,9412,10776,11359,11517,11358,10955,10105,8675,6989,7041,7032,8150,7978,8969,8822,9015,8796,7799,7886,6106,4705,5031,4540,5373,5872
394458,24,"Charlotte, NC",Msa,NC,9568,8306,8593,9079,10885,10937,11478,11854,12049,11985,11093,11318,10466,9023,9717,9925,11685,11531,12408,12837,13152,12745,12503,12716,10945,9436,10152,9818,10822,10075,10940,9800,9344,8950,8546,8868,7516,6312,7078,6273,6431,6417
395045,25,"Sacramento, CA",Msa,CA,6263,4980,5010,5247,6168,6904,7899,8322,8563,8986,8688,8589,7574,6154,6066,5884,6415,7265,8165,8596,8850,8983,8518,8002,6732,5294,5395,5646,5893,5743,6679,6683,6280,5985,5804,5939,4789,3754,3531,3542,4283,4599
395055,26,"San Antonio, TX",Msa,TX,11888,10511,10741,11416,12520,13217,13567,13896,14266,14291,13265,13171,12901,11923,12391,12656,14005,14618,15097,16359,16813,16475,15908,15856,14878,14119,14280,14586,15129,14402,15404,15139,14282,13554,12793,12835,11175,10069,10043,7938,8045,7354
394943,27,"Orlando, FL",Msa,FL,11123,10260,11189,11126,11877,12393,12460,12460,12599,12725,12523,12794,12313,11608,12574,12563,13078,12951,13036,13669,13570,13067,12758,13208,12359,11380,11926,11843,11995,11126,12165,12026,11677,11295,10844,11356,10144,9272,9821,8499,8426,7442
394466,28,"Cincinnati, OH",Msa,OH,7903,6900,6786,6775,7384,7830,8694,8837,9381,9495,9185,9240,8524,7294,7226,7087,7592,8124,8530,8951,8978,8956,8812,8586,7709,6533,6631,6271,6523,6270,6826,6738,6638,6506,6302,6277,5372,4620,4755,3849,4374,4417
394475,29,"Cleveland, OH",Msa,OH,11774,10208,9921,9958,11080,11954,12635,13119,13571,13234,12827,12602,11537,10100,9683,9775,10827,11651,12576,13072,13285,13131,12812,12506,11189,9921,9131,8852,9422,8378,8901,9301,9332,9303,9108,8684,7628,6392,6318,3946,4316,4526
394735,30,"Kansas City, MO",Msa,MO,9723,8640,8311,8400,9776,10661,11717,12758,12123,12149,11638,10275,9461,8267,8346,8104,8932,9831,10080,10194,10417,10268,10034,10022,8934,7510,7376,7317,7730,7355,7936,7639,7483,7160,6894,7301,6098,5192,5263,4235,5094,5892
394775,31,"Las Vegas, NV",Msa,NV,10938,9832,9894,10397,11214,11333,8344,8530,11539,9561,10219,10394,10292,9657,10734,10965,11882,11983,12582,12747,12630,12454,12075,11891,10818,9594,9661,9101,9406,9181,10131,10049,9885,10032,10022,10130,8932,7925,7353,6520,6329,6266
394492,32,"Columbus, OH",Msa,OH,5300,4431,4250,4143,4815,5326,6179,6575,6845,6956,6488,6597,5761,4709,4655,4358,4934,5269,6087,6379,6600,6660,6450,6431,5657,4667,4645,4312,4625,4512,4817,4824,4853,4722,4539,4984,4047,3303,3411,2911,3324,3742
394705,33,"Indianapolis, IN",Msa,IN,7539,6373,6176,6151,7232,7235,7107,7808,8112,8376,8134,8349,7594,6493,6397,6119,6746,7149,7855,8392,8694,8841,8765,8729,7829,6811,6784,6436,6627,6091,6603,6355,6237,6142,6309,6678,5726,4791,4891,4102,4649,5046
395059,34,"San Jose, CA",Msa,CA,1484,1004,1163,1526,2006,2253,2689,2669,2788,2848,2995,3038,2543,1756,1789,2160,2547,2934,3420,3383,3297,3024,2929,2830,2088,1381,1473,1902,1958,1810,2411,2533,2595,2546,2617,2742,2132,1580,1669,1922,2404,2470
394355,35,"Austin, TX",Msa,TX,8179,6751,6758,7088,8330,9588,10332,10629,10811,10579,9730,9761,9170,8076,8052,8074,9024,9666,10124,11189,11296,10964,10616,10262,9071,7787,8143,8101,8905,8963,10064,9465,9222,8317,7565,7573,6081,5222,5015,4294,5913,6775
395194,36,"Virginia Beach, VA",Msa,VA,11059,10194,9861,9965,10981,11595,11996,12393,12154,11883,11170,11167,10500,9526,9720,9712,10511,11214,11569,11516,11361,10926,10287,9885,9039,8167,8115,8169,8571,8015,8166,7736,7456,7066,6776,6708,6085,5265,5130,4631,5313,6195
394902,37,"Nashville, TN",Msa,TN,8722,7778,7658,7824,8811,9527,10157,10862,11002,11239,11144,11269,10841,9924,10102,10037,10727,11447,12103,12610,13124,12628,12651,13002,11695,10638,10550,10491,11075,10942,11986,12050,11757,11114,10281,10159,8947,7669,,,,
395005,38,"Providence, RI",Msa,RI,5839,4914,4426,4391,4785,5554,6343,6841,7010,7118,7062,7073,6326,5315,4970,4873,5215,5860,6451,6564,6445,6461,6573,6444,5663,4874,4577,4513,4692,4220,4624,4777,4750,4575,4467,4412,3793,3055,2851,2029,2493,2528
394862,39,"Milwaukee, WI",Msa,WI,3139,2576,2437,2449,2831,3168,3568,3471,3586,3566,3416,3490,3155,2670,2494,2446,2658,2827,3186,3377,3445,3432,3377,3281,2806,2412,2150,2323,2660,2601,2738,2959,3130,3240,3287,3284,2849,2249,2237,2073,2584,3299
394714,40,"Jacksonville, FL",Msa,FL,8886,8249,8638,9518,10395,10774,10988,11172,11397,11243,10705,10697,10309,9321,9958,10413,11209,12087,11772,12080,11872,11399,10959,11285,10470,9757,10186,10624,11064,10218,10554,9814,9245,8637,7856,7931,7161,6524,6485,5410,5513,5610
394849,41,"Memphis, TN",Msa,TN,5970,5449,5366,5456,5763,6018,6427,6663,6882,6908,6547,6465,6131,5896,5919,5959,6312,6136,6191,6310,6324,6264,6131,6080,5618,5167,5200,4969,5101,4914,5068,4683,4571,4323,4126,4016,3673,3190,3148,2954,3405,3538
394935,42,"Oklahoma City, OK",Msa,OK,8677,8026,8263,7903,8570,8913,9099,9224,9305,8978,8590,8410,8010,7246,7190,6842,7216,7789,7671,8175,8372,8274,7773,7648,7060,6459,6682,6443,6685,6541,7127,6754,6606,6300,5896,5843,4996,4343,4469,3606,4236,4009
394807,43,"Louisville-Jefferson County, KY",Msa,KY,4604,3933,3905,4039,4382,4525,4923,5395,5610,5613,5495,5639,5296,4651,4675,4437,4843,4991,5231,5470,5575,5545,5640,5674,5061,4298,4432,4180,4251,4050,4266,4084,3972,3765,3764,4005,3516,3084,3155,2591,2909,2985
394669,44,"Hartford, CT",Msa,CT,5430,4731,4383,3880,4451,5369,5526,6089,5823,5712,5697,5696,5139,4332,4096,4106,4613,5104,5674,5758,5767,5673,5616,5479,4889,4132,3970,3930,4122,3593,4008,4100,4033,3866,4038,3964,3291,2687,2418,1983,2362,2704
395022,45,"Richmond, VA",Msa,VA,4954,4268,4116,4419,5014,5429,5609,5752,5674,5685,5481,5510,5075,4350,4328,4336,4787,5098,5592,5673,5673,5548,5520,5656,5029,4373,4499,4514,4879,4742,4730,4497,4360,4109,4143,4306,3714,3172,3214,2924,3427,3686
394910,46,"New Orleans, LA",Msa,LA,3745,3499,3602,3664,4101,4164,4270,4348,4341,4106,3899,3976,3703,3450,3685,3660,3901,4062,4187,4582,4435,4449,4196,4021,3670,3409,3519,3351,3653,3399,3678,3392,3240,,2725,2691,2492,2337,2415,2190,2308,2264
394425,47,"Buffalo, NY",Msa,NY,3159,2579,2467,2337,2587,2837,3248,3352,3702,3712,3555,3505,3006,2500,2473,2302,2544,2762,3094,3385,3467,3462,3459,3336,2901,2387,2341,2206,2178,1774,2196,2634,2677,2769,2589,2452,2032,1569,1527,1339,1607,1686
395012,48,"Raleigh, NC",Msa,NC,6710,5751,5973,6225,6933,7339,7793,7889,7454,7518,6956,7303,6775,6029,6519,6534,7102,7479,8009,8811,8379,8500,8323,8357,7782,7022,7418,7241,7788,7396,7708,6932,6708,6298,5760,5749,4536,3742,3701,3111,3195,3220
394388,49,"Birmingham, AL",Msa,AL,6423,5747,6000,6170,6436,6874,6975,7119,7078,7043,6791,6730,6216,5494,5658,5568,6035,6284,6354,6758,6840,6731,6520,6255,5733,5164,5379,5275,5556,5245,5445,5371,5246,5057,5005,4977,4471,3998,4211,3750,3675,3793
395053,50,"Salt Lake City, UT",Msa,UT,2571,2137,2325,2462,2734,3334,3882,3989,4170,4556,4456,4654,4299,3489,3661,3457,3935,4326,4727,4878,4757,4826,4573,4400,3727,2930,2920,2777,3359,3555,3837,3598,3376,3216,2932,2954,2231,1710,1776,1527,2078,2308
395031,51,"Rochester, NY",Msa,NY,3350,2835,2716,2671,3073,3515,3709,3966,4079,4074,3936,3824,3349,2754,2629,2569,2819,3138,3463,3698,3727,3572,3619,3525,3027,2544,2409,2421,2524,2133,2606,2975,2957,3002,2874,2758,2223,1630,1625,1399,1670,1901
394640,52,"Grand Rapids, MI",Msa,MI,3359,2654,2434,2319,2686,2925,3365,3668,3932,4104,3892,3784,3407,2837,2735,2571,2779,3117,3581,3954,4078,4074,4056,3976,3346,2781,2614,2463,2636,2128,3102,3108,3064,2916,2594,2910,2207,1850,1728,1544,1762,1825
395167,53,"Tucson, AZ",Msa,AZ,4832,4511,4983,4880,5099,4995,4921,4699,4455,4474,4263,4496,4706,4360,4880,4847,5099,5176,4875,4739,4554,4389,4302,4467,4300,3953,4299,4242,4403,4044,4009,3648,3405,3379,3526,3732,3347,2928,3083,2651,2625,2589
753924,54,"Urban Honolulu, HI",Msa,HI,1949,1751,1784,1841,2066,2152,2211,2253,2359,2338,2236,2268,2293,2128,2196,2216,2356,2496,2573,2527,2589,2571,2488,2424,2193,1975,1871,1851,1932,1771,1806,1833,1882,1779,1650,1643,1609,1512,,,,
395169,55,"Tulsa, OK",Msa,OK,5855,5354,5517,5481,5690,5871,5994,6232,6407,6404,6073,5941,5459,4924,5074,4930,5026,5356,5212,5352,5479,5285,4985,4980,4495,4128,4318,4235,4528,4268,4335,4260,4094,3999,3735,3956,3444,2944,3167,2544,2827,2927
394619,56,"Fresno, CA",Msa,CA,2021,1724,1863,1910,2091,2263,2396,2416,2552,2630,2537,2630,2405,2136,2240,2225,2394,2524,2634,2696,2687,2710,2653,2607,2390,2048,2095,2060,2118,1967,1999,1813,1781,1750,1695,1694,1487,1222,1228,1199,1359,1416
395238,57,"Worcester, MA",Msa,MA,2911,2392,2170,2121,2405,2890,3310,3526,3460,3565,3636,3692,3216,2582,2412,2301,2545,2902,3363,3502,3330,3303,3420,3312,2859,2251,2101,2099,2332,2069,2383,2470,2171,2169,2152,2153,1766,1370,1255,1102,1418,1635
394415,58,"Stamford, CT",Msa,CT,5113,4389,4152,4139,4743,6446,6250,6321,6108,5742,5823,5748,5161,4339,4216,4540,5257,5851,6534,6518,6252,5808,5834,5691,5014,4193,4011,4389,4685,4126,4788,5138,5101,4685,4661,4387,3554,2901,2611,2169,2550,2896
394312,59,"Albuquerque, NM",Msa,NM,3991,3504,3498,3477,3729,4011,4213,4391,4454,4499,4270,4173,3825,3332,3218,3100,3304,3564,3606,3924,3940,3867,3743,3782,3384,2910,2870,2789,3021,2828,3000,2853,2869,2755,2663,2785,2377,2122,2091,2000,2027,2097
394308,60,"Albany, NY",Msa,NY,2921,2500,2370,2311,2518,2682,2990,3090,3214,3115,3123,3124,2854,2516,2453,2321,2490,2644,2915,3000,3017,3039,3072,2983,2630,2246,2159,2075,2090,1805,2073,2299,2263,2288,2303,2251,1932,1659,1645,1324,1441,1510
394938,61,"Omaha, NE",Msa,NE,3134,2720,2834,2771,3208,3519,3689,3970,4124,4074,4059,3982,3664,3103,3070,2894,3071,3481,3817,3956,3916,4023,4073,4034,3576,3039,3037,3061,3552,3411,3691,3487,3326,3137,3003,2940,2472,2039,1967,1701,2029,2440
394908,62,"New Haven, CT",Msa,CT,3650,3157,2849,2610,2947,3537,3635,3652,3612,3643,3579,3509,3181,2762,2634,2635,2994,3285,3619,3643,3568,3465,3358,3253,2829,2400,2330,2389,2526,2226,2447,2503,2486,2498,2576,2508,2176,1734,1614,1307,1544,1682
394357,63,"Bakersfield, CA",Msa,CA,2587,2319,2507,2712,2901,3113,3209,3388,3463,3562,3448,3368,3094,2763,2919,2848,3084,3141,3243,3415,3452,3429,3328,3317,3050,2718,2722,2714,2865,2704,2887,2746,2707,2707,2655,2494,2098,1873,1862,1722,1824,1848
394753,64,"Knoxville, TN",Msa,TN,4467,4158,4123,4013,4337,4593,4629,4723,4975,4962,4806,4816,4428,3957,3998,3919,4225,4379,4455,4553,4445,4503,4416,4499,4278,3753,3758,3558,3694,3566,3665,3509,3268,3090,3076,3269,2966,2560,2538,2233,2240,2220
394653,65,"Greenville, SC",Msa,SC,5683,4996,5302,5157,5657,5782,5743,5717,5835,5755,5565,5588,5256,4744,4977,4846,5455,5531,5921,6305,6528,6557,6344,6149,5678,5225,5431,5356,5474,5468,5500,5129,5079,4775,4438,4697,4004,3758,,,,
394952,66,"Ventura, CA",Msa,CA,1570,1327,1346,1420,1666,1836,2095,2198,2309,2407,2329,2281,2019,1749,1803,1796,2016,2127,2282,2368,2450,2276,2104,1975,1809,1440,1539,1605,1657,1525,1751,1786,1783,1631,1573,1522,1270,1017,1048,1107,1242,1225
394318,67,"Allentown, PA",Msa,PA,4062,3512,3448,3373,3603,3973,4256,4466,4516,4445,4434,4499,4068,3524,3526,3410,3655,3955,4066,4168,4218,4139,3991,3912,3468,3019,2961,2810,2779,2111,2628,3075,2932,2772,2833,2827,2394,2086,1932,1609,1936,2164
394561,68,"El Paso, TX",Msa,TX,4448,4436,4426,4546,4600,4427,4298,4192,4201,4057,3963,4014,3914,3643,3724,3703,3754,3758,3644,3953,3959,3883,3773,3857,3677,3532,3639,3815,3771,3581,3555,3363,3122,3139,2956,2962,2227,2178,2225,2104,2136,1950
394367,69,"Baton Rouge, LA",Msa,LA,3893,3730,3914,4055,4413,4608,4853,5136,5149,5069,4845,4916,4742,4389,4599,4664,4959,5098,5116,5303,5309,5343,5139,5036,4774,4475,4630,4644,4831,4518,4651,4461,4283,4083,3821,3746,3419,3224,3314,2937,3092,2729
394521,70,"Dayton, OH",Msa,OH,2979,2646,2552,2613,2785,2935,3029,3209,3314,3350,3404,3435,3113,2717,2512,2390,2570,2503,2603,2808,2823,2785,2739,2746,2441,2087,2111,1996,2148,2019,2072,2066,2101,2091,2161,2220,1897,1635,1557,1338,1565,1663
394843,71,"McAllen, TX",Msa,TX,2077,2057,2114,2099,2244,2218,2234,2193,2184,2302,2271,2372,2304,2219,2464,2508,2541,2475,2481,2485,2484,2457,2430,2467,2388,2277,2390,2445,2440,2290,2308,2052,1895,1753,1614,1642,1632,1635,1722,1482,1526,1591
394486,72,"Columbia, SC",Msa,SC,5296,4969,4769,4659,5121,5230,5143,5238,5247,5156,4674,4723,4500,4034,4177,4014,4269,4261,4578,5110,5396,5325,5057,4882,4582,4324,4608,4338,4583,4258,4319,3858,3656,,3319,3284,2778,2535,2724,2585,2489,2466
394648,73,"Greensboro, NC",Msa,NC,2988,2710,2637,2746,2952,3172,3516,3247,3314,2801,2594,2660,2515,2238,2366,2294,2545,2563,2675,2745,2841,2806,2738,2670,2495,2212,2213,2165,2290,2165,2335,2222,2134,2000,2059,2079,1829,1647,1636,1355,1544,1575
394304,74,"Akron, OH",Msa,OH,4020,3463,3326,3344,3730,3972,4249,4328,4408,4389,4160,4031,3693,3088,2924,2881,3204,3439,3892,4072,4192,4120,4048,3966,3636,3231,2994,2870,3078,2719,2836,2945,3019,2981,2858,2757,2424,1980,1954,1165,1321,1389
753906,75,"North Port-Sarasota-Bradenton, FL",Msa,FL,7480,7410,8593,8920,9285,9187,8506,8059,7577,7344,7118,7653,7988,7894,9229,9348,9643,9003,8379,8389,7974,7615,7348,7606,7830,7621,8786,8953,8628,7832,7865,7197,6727,6346,6001,6253,5608,5052,5014,4130,3949,3426
394798,76,"Little Rock, AR",Msa,AR,5121,4683,4846,4687,5110,5525,5717,5849,5882,5912,5756,5713,5421,4921,5003,5072,5362,5576,4959,4973,4931,4771,5095,5060,4682,4395,4379,4478,4731,4523,4657,4620,4627,4488,4119,4094,3272,2765,2736,2526,2653,2602
395134,77,"Stockton, CA",Msa,CA,1421,1178,1201,1218,1387,1500,1681,1723,1812,2019,1986,1971,1852,1548,1515,1513,1648,1761,1881,2059,2117,2098,2111,2061,1821,1527,1399,1391,1418,1274,1416,1375,1255,1198,1229,1208,964,839,832,864,1040,1093
394457,78,"Charleston, SC",Msa,SC,5836,5322,5484,5793,6452,6659,6885,6899,6609,6536,6052,6554,6257,5690,6098,6261,6787,6890,7086,7447,7295,7219,6684,6960,6369,5853,6243,6245,6390,6140,6542,6153,5817,5463,5092,5081,4292,3703,3670,3114,3088,3036
395143,79,"Syracuse, NY",Msa,NY,2795,2452,2298,2263,2494,2741,2911,3137,3345,3346,3183,3012,2674,2318,2158,2101,2310,2487,2649,2771,2880,2900,2798,2705,2263,1899,1817,1724,1712,1477,1710,1949,1912,1911,1905,1776,1426,1224,1260,1010,1181,1324
394484,80,"Colorado Springs, CO",Msa,CO,2056,1673,1832,1891,2250,2776,3343,3574,3892,3830,3643,3469,3115,2562,2463,2365,2686,3051,3503,3874,3915,3939,3685,3471,2925,2482,2481,2456,3005,2832,3553,3859,3876,3675,3403,3310,2602,2141,2179,1603,1844,2101
395235,81,"Winston-Salem, NC",Msa,NC,2711,2433,2368,2527,2912,3109,3457,3192,3360,2837,2661,2677,2470,2094,2138,2195,2518,2595,2664,2644,2691,2664,2670,2664,2476,2170,2321,2253,2520,2259,2259,2108,2075,1964,1958,2045,1777,1578,1592,1391,1645,1707
395224,82,"Wichita, KS",Msa,KS,2830,2561,2524,2431,2618,2720,2843,3064,2981,3028,2929,2982,2858,2590,2588,2494,2663,2786,2730,2811,2670,2674,2587,2536,2273,2088,2168,2127,2237,2157,2210,2075,2089,2060,2108,2120,1947,1687,1631,1248,1453,1552
395115,83,"Springfield, MA",Msa,MA,1746,1454,1324,1317,1508,1697,1936,2064,2103,2083,2072,2114,1836,1564,1484,1448,1583,1701,1887,1945,1958,1932,1933,1884,1647,1304,1255,1288,1355,1193,1358,1370,1314,1321,1371,1364,1163,946,879,783,845,970
394440,84,"Fort Myers, FL",Msa,FL,10196,10319,11867,12212,12942,12367,11519,10807,10456,10309,10139,10782,11422,11651,13267,13560,13793,13495,12612,12221,11466,10850,10443,10866,10969,10764,11968,11788,11594,10471,10303,9390,8692,8285,7903,7955,7166,6635,6591,5980,3872,3523
394399,85,"Boise City, ID",Msa,ID,4001,3311,3000,3062,3434,3984,3891,4044,4234,4541,4445,4343,4061,3432,3405,3325,3598,4107,4321,4383,4486,4466,4371,4467,4014,3409,3424,3436,3703,3738,4219,3821,3371,,2575,2729,2072,1723,1801,1578,2014,2218
395160,86,"Toledo, OH",Msa,OH,2435,2175,2179,2151,2280,2336,2423,2495,2645,2712,2579,2573,2304,1991,1975,1823,1996,2165,2160,2223,2254,2293,2252,2320,2141,1888,1869,1826,1824,1684,1805,1760,1676,1686,1662,1725,1465,1264,1239,1091,1147,1274
394816,87,"Madison, WI",Msa,WI,2206,1804,1661,1790,2189,2613,2881,3008,2976,2857,2737,2629,2306,1856,1776,1903,2182,2509,2913,3034,2878,2842,2764,2649,2315,1939,1791,1971,2320,2277,2414,2454,2503,2454,2347,2399,2080,1625,1404,1435,1680,1828
394766,88,"Lakeland, FL",Msa,FL,4034,3849,4170,4168,4369,4512,4381,4297,4377,4455,4545,4633,4578,4420,5108,5187,5385,5134,4928,5371,5264,5271,5337,5420,5137,4859,5177,5139,5113,4707,4882,4595,4489,4173,4077,4083,3629,3365,3354,2862,2703,2301
394931,89,"Ogden, UT",Msa,UT,1697,1449,1550,1463,1711,2026,2268,2298,2401,2651,2615,2689,2399,1975,2108,2083,2239,2416,2689,2780,2816,2895,2884,2827,2430,1972,1910,1819,2238,2228,2313,2094,1957,1793,1580,1783,1325,1109,1199,923,1207,1285
394528,90,"Daytona Beach, FL",Msa,FL,4224,4029,4340,4405,4657,4799,4768,4803,4844,4839,4702,4867,4853,4615,5089,5139,5383,5110,4994,5153,5149,5013,4987,5109,4959,4617,5068,5078,5136,4713,4898,4497,4183,3861,3706,3814,3386,3273,3388,3073,2877,2944
394531,91,"Des Moines, IA",Msa,IA,3666,3320,3489,3514,4308,4009,4155,4377,4383,4383,4385,4399,4019,3624,3657,3409,3770,4134,4221,4299,4481,4530,4565,4547,4190,3769,3677,3650,4015,3871,4032,3744,3659,3382,3241,3237,2828,2513,2552,2389,2582,2658
394711,92,"Jackson, MS",Msa,MS,2856,2691,2785,2872,3123,3279,3481,3376,3302,3215,3003,3058,2889,2557,2635,2736,2946,2942,3009,3029,2988,2921,2838,2829,2769,2594,2585,2589,2699,2522,2578,2394,2303,2151,1995,2000,1733,1511,1490,1327,1459,1469
394352,94,"Augusta, GA",Msa,GA,3870,3581,3627,3617,3788,3877,3930,3885,3916,3840,3692,3682,3548,3335,3486,3499,3622,3624,3760,3958,3987,3916,3947,3818,3416,3257,3381,3437,3409,3043,3003,2704,2789,2554,2412,2384,2068,1950,2056,1945,1966,1901
394666,96,"Harrisburg, PA",Msa,PA,2660,2202,2138,2114,2338,2522,2601,2618,2615,2614,2456,2425,2185,1878,1795,1755,1897,2093,2281,2343,2306,2317,2321,2294,2126,1878,1815,1725,1667,1320,1742,1899,1790,1692,1521,1687,1437,1195,1264,1163,1272,1344
395006,100,"Provo, UT",Msa,UT,1842,1640,1693,1501,1850,2326,2821,3031,3174,3166,3078,3383,3220,2880,2958,2886,3251,3472,3745,3870,3873,3989,3688,3676,3317,2779,2759,2655,3068,3281,3593,3113,2787,2472,2161,2174,1610,1280,1277,1043,1330,1448
394602,159,"Fort Collins, CO",Msa,CO,2288,1859,1752,1826,2178,2483,2788,2875,3088,3070,2891,3123,2869,2281,2234,2260,2559,2994,3373,2896,2972,2997,2881,2718,2368,1976,2135,2034,2167,2184,2743,2748,2735,2504,2506,2205,1756,1488,1483,1560,1695,1817
